{
    "name": "root",
    "gauges": {
        "MoveToGoal.Policy.Entropy.mean": {
            "value": 1.3254075050354004,
            "min": 1.3254075050354004,
            "max": 1.417257308959961,
            "count": 14
        },
        "MoveToGoal.Policy.Entropy.sum": {
            "value": 12763.673828125,
            "min": 12763.673828125,
            "max": 15561.4853515625,
            "count": 14
        },
        "MoveToGoal.Environment.EpisodeLength.mean": {
            "value": 513.125,
            "min": 71.12307692307692,
            "max": 551.6363636363636,
            "count": 14
        },
        "MoveToGoal.Environment.EpisodeLength.sum": {
            "value": 8210.0,
            "min": 4623.0,
            "max": 12136.0,
            "count": 14
        },
        "MoveToGoal.Step.mean": {
            "value": 139948.0,
            "min": 9936.0,
            "max": 139948.0,
            "count": 14
        },
        "MoveToGoal.Step.sum": {
            "value": 139948.0,
            "min": 9936.0,
            "max": 139948.0,
            "count": 14
        },
        "MoveToGoal.Policy.ExtrinsicValueEstimate.mean": {
            "value": -12.88807487487793,
            "min": -20.060850143432617,
            "max": -11.978240013122559,
            "count": 14
        },
        "MoveToGoal.Policy.ExtrinsicValueEstimate.sum": {
            "value": -2139.42041015625,
            "min": -3550.7705078125,
            "max": -1988.3878173828125,
            "count": 14
        },
        "MoveToGoal.Environment.CumulativeReward.mean": {
            "value": -76.70937505364418,
            "min": -76.70937505364418,
            "max": -58.78923081618089,
            "count": 14
        },
        "MoveToGoal.Environment.CumulativeReward.sum": {
            "value": -1227.3500008583069,
            "min": -3821.300003051758,
            "max": -1132.4500002861023,
            "count": 14
        },
        "MoveToGoal.Policy.ExtrinsicReward.mean": {
            "value": -76.70937505364418,
            "min": -76.70937505364418,
            "max": -58.78923081618089,
            "count": 14
        },
        "MoveToGoal.Policy.ExtrinsicReward.sum": {
            "value": -1227.3500008583069,
            "min": -3821.300003051758,
            "max": -1132.4500002861023,
            "count": 14
        },
        "MoveToGoal.Losses.PolicyLoss.mean": {
            "value": 0.07752231384893277,
            "min": 0.07007710140350161,
            "max": 0.08183378102984953,
            "count": 14
        },
        "MoveToGoal.Losses.PolicyLoss.sum": {
            "value": 0.697700824640395,
            "min": 0.6021506106228722,
            "max": 0.7931919747145113,
            "count": 14
        },
        "MoveToGoal.Losses.ValueLoss.mean": {
            "value": 3.453675125604527,
            "min": 2.561302957104312,
            "max": 80.79330089489619,
            "count": 14
        },
        "MoveToGoal.Losses.ValueLoss.sum": {
            "value": 31.08307613044074,
            "min": 23.05172661393881,
            "max": 646.3464071591695,
            "count": 14
        },
        "MoveToGoal.Policy.LearningRate.mean": {
            "value": 0.0002919110626963133,
            "min": 0.0002919110626963133,
            "max": 0.00029965368011543997,
            "count": 14
        },
        "MoveToGoal.Policy.LearningRate.sum": {
            "value": 0.0026271995642668197,
            "min": 0.0023972294409235198,
            "max": 0.002985177364940879,
            "count": 14
        },
        "MoveToGoal.Policy.Epsilon.mean": {
            "value": 0.1973036866666667,
            "min": 0.1973036866666667,
            "max": 0.19988456000000004,
            "count": 14
        },
        "MoveToGoal.Policy.Epsilon.sum": {
            "value": 1.7757331800000002,
            "min": 1.5990764800000004,
            "max": 1.9950591200000003,
            "count": 14
        },
        "MoveToGoal.Policy.Beta.mean": {
            "value": 0.0005,
            "min": 0.0005,
            "max": 0.0005000000000000002,
            "count": 14
        },
        "MoveToGoal.Policy.Beta.sum": {
            "value": 0.0045000000000000005,
            "min": 0.004,
            "max": 0.005000000000000002,
            "count": 14
        },
        "MoveToGoal.IsTraining.mean": {
            "value": 1.0,
            "min": 1.0,
            "max": 1.0,
            "count": 14
        },
        "MoveToGoal.IsTraining.sum": {
            "value": 1.0,
            "min": 1.0,
            "max": 1.0,
            "count": 14
        }
    },
    "metadata": {
        "timer_format_version": "0.1.0",
        "start_time_seconds": "1698512228",
        "python_version": "3.8.10 (tags/v3.8.10:3d8993a, May  3 2021, 11:48:03) [MSC v.1928 64 bit (AMD64)]",
        "command_line_arguments": "C:\\Users\\Sindri\\My project (1)\\venv\\Scripts\\mlagents-learn config\\moveToGoal.yaml --run-id=TestParams8",
        "mlagents_version": "0.29.0",
        "mlagents_envs_version": "0.29.0",
        "communication_protocol_version": "1.5.0",
        "pytorch_version": "1.7.1+cu110",
        "numpy_version": "1.21.2",
        "end_time_seconds": "1698512428"
    },
    "total": 200.391211,
    "count": 1,
    "self": 0.006455100000010816,
    "children": {
        "run_training.setup": {
            "total": 0.12389190000000005,
            "count": 1,
            "self": 0.12389190000000005
        },
        "TrainerController.start_learning": {
            "total": 200.260864,
            "count": 1,
            "self": 0.16425909999952637,
            "children": {
                "TrainerController._reset_env": {
                    "total": 9.2441876,
                    "count": 1,
                    "self": 9.2441876
                },
                "TrainerController.advance": {
                    "total": 190.76291510000047,
                    "count": 5189,
                    "self": 0.15922800000097936,
                    "children": {
                        "env_step": {
                            "total": 87.43732390000012,
                            "count": 5189,
                            "self": 72.07352610000174,
                            "children": {
                                "SubprocessEnvManager._take_step": {
                                    "total": 15.269432399999204,
                                    "count": 5189,
                                    "self": 0.569046999999701,
                                    "children": {
                                        "TorchPolicy.evaluate": {
                                            "total": 14.700385399999503,
                                            "count": 4909,
                                            "self": 6.999099399999478,
                                            "children": {
                                                "TorchPolicy.sample_actions": {
                                                    "total": 7.7012860000000245,
                                                    "count": 4909,
                                                    "self": 7.7012860000000245
                                                }
                                            }
                                        }
                                    }
                                },
                                "workers": {
                                    "total": 0.0943653999991696,
                                    "count": 5188,
                                    "self": 0.0,
                                    "children": {
                                        "worker_root": {
                                            "total": 192.88512699999976,
                                            "count": 5188,
                                            "is_parallel": true,